id,inicia,finaliza,total,0_amb,1_amb,2_amb,3_amb,4_amb,5_amb,geometry
C1407LKC,2020,2021,15,0,1,3,6,2,3,POINT (-58.4904807 -34.6441446)
C1407LKC,2021,2022,16,2,2,2,4,1,5,POINT (-58.4904807 -34.6441446)
C1407HUF,2020,2021,38,1,3,4,13,6,11,POINT (-58.4716667 -34.6511111)
C1407HUF,2021,2022,39,6,2,12,1,4,14,POINT (-58.4716667 -34.6511111)
C1416DKW,2020,2021,37,12,2,4,5,11,3,POINT (-58.473986 -34.616253)
C1416DKW,2021,2022,37,6,12,12,4,3,0,POINT (-58.473986 -34.616253)
